mutated_sequence,DMS_score,any_mutant,num_subs,esm1v_zero_shot,embedding_path
MSKGEELFTGVVPILVELDGDVNGHKFSVSGEGEGDATYGKLTLKFICTTGKLPVPWPTLVTTLSYGVQCFSRYPDHMKQHDFFKSAMPEGYVQERTILFKDDGNYKTRAEVKFEGDTLVNRIELKGIDFKEDGNILGHKLEYNYNSHNVYIMADKQKNGIKVNFKIRHNIEDGSVQLADHYQQNTPIGDGPVLLPDNHYLSTQSALSKDPNEKRDHMVLLEFVTAAGITHGKDELYK,3.79974363672,F99L:M233K,2,1.6389739513397217,data\cache\embeddings\matrix_79dc3b52ccfc6bc30eaf09e2c59b22c9509e477a.npy
MSKGEELFTGVVPILVELDGDVNGHKFSVSGEGEGDATYGKLTLKFICTTGKLPVPWPTLVTTLSYGVQCFSRYPDHMKQHDFFKSAMPEGYVQERTIFFKDDGNYKTRAEVKFEGDTLVNRIELKGIDFKVDGNILGHKLEYNYNGHNVYIMADKQKNGIKVNFKIRHNIEDGSVQLADHYQQNTPIGDGPVLLPDNHYLSTQSALSKDPNEKRDHMVLLEFVTAAGITHGMDELYK,3.84241785006,E132V:S147G,2,1.6739060878753662,data\cache\embeddings\matrix_79dc3b52ccfc6bc30eaf09e2c59b22c9509e477a.npy
MSKGEELFTGVVPILVELDGDVNGHKFSVSGEGEGDATYGKLTLKFICTTGKLPVPWPTLVTTLSYGVQCFSRYPDHMKQHDFFKSAMPEGYVQERTIFFKDDGNYKTRAEVKFEGDTLVNRIELKGIDFKEDGNILGHKLEYNYNSHNVYIMADKQKNGIKVNFKIRHNIEDGSVQLADHYQQNTPIGDGPVLLPDNHYLSTQSALSKDPNEKRDHMVLLGFVTAAGIAHGMDELYK,3.11918507449,E222G:T230A,2,1.829045653343201,data\cache\embeddings\matrix_79dc3b52ccfc6bc30eaf09e2c59b22c9509e477a.npy
MSKGEELFTGVVPILVELDGDVNGHKFSVSGEGEGDATYGKPTLKFISTTGKLPVPWPTLVTTLSYGVQCFSRYPDHMKQHDFFKSAMPEGYVQERTIFFKDDGNYKTRAEVKFEGDTLVNRIELKGIDFKEDGNILGHKLEYNYNSHNVYIMADKQKNGIKVNFKIRHNIEDGSVQLADHYQQNTPIGDGPVLLPDNHYLSTQSALSKDPNEKRDHMVLLEFVTAAGITHGMDELYK,1.37732503198,L42P:C48S,2,1.7188348770141602,data\cache\embeddings\matrix_79dc3b52ccfc6bc30eaf09e2c59b22c9509e477a.npy
MSKGEELFTGVVPILVELDGDVNGHKFSVSGEGEGDATYGKLTLKFICTTGKLPVPWPTLVTTLSYGVQCFSRYPDHTKQHDFFKSAMPEGYVQERTIFFKDDGNYKTRAEVKFEGDTLVNRIELKGIDFKEDGNILGHKLEYNYNSHNVYIMADKQKNGIKVNFKIRHNIEDGSVQLADHYQQNTPIGDGPVLLPDNHYLSTQSALSKDPNGKRDHMVLLEFVTAAGITHGMDELYK,1.30102999398,M78T:E213G,2,1.6299924850463867,data\cache\embeddings\matrix_79dc3b52ccfc6bc30eaf09e2c59b22c9509e477a.npy
MSKGEELFTGVVPILVELDGDVNGHKFSVSGEGEGDATYGKLTLKFICTTGKLPVPWPTLVTTLSYGVQCFSRYPDHMKQHDFFKSAMPEGYVQERTIFFKDDGNYKIRAEVKFEGDTLVNRIELKGIDFKEDGNILGHKLEYNYNSHNVYIMADKQKNGIKVNFKIRHNIEDGSVQLADHYQQNTPIGDGPVLLPDNHYLSTQSALSKDPNEKRDHMVLLEFVTAAGITHGIDELYK,3.30630658452,T108I:M233I,2,1.9112317562103271,data\cache\embeddings\matrix_79dc3b52ccfc6bc30eaf09e2c59b22c9509e477a.npy
MSKGEELFTGVVPILVELDGDVNGHKFSVSGEGEGDATYGKLTLKFICTTGKLPVPWPTLVTTLSYGVQCFSRYPDHMKQHDFFKSAMPEGYVQERTIFFKDDGNYKTRAEVKFEGDTLVSRIELKGIDFKEDGNILGHKLEYNYNSHNVYIMADKQKNGIKVNFKIRHNIEDGSVQLADHYQLNTPIGDGPVLLPDNHYLSTQSALSKDPNEKRDHMVLLEFVTAAGITHGMDELYK,3.80390491334,N121S:Q184L,2,1.9378507137298584,data\cache\embeddings\matrix_79dc3b52ccfc6bc30eaf09e2c59b22c9509e477a.npy
MSKGEELFTGVVPILVELDGDVNGHKFSVSGEGEGDATYGKLTLKFICTTGKLPVPWPTLVTTLSYGVQCFSRYPDHMKLHDFFKSAMPEGYVQERTIFFKDDGNYKTRAEVKFEGDTLVNRIELKGIDFKEDGNILGLKLEYNYNSHNVYIMADKQKNGIKVNFKIRHNIEDGSVQLADHYQQNTPIGDGPVLLPDNHYLSTQSALSKDPNEKRDHMVLLEFVTAAGITHGMDELYK,3.4724425796300005,Q80L:H139L,2,2.992736339569092,data\cache\embeddings\matrix_79dc3b52ccfc6bc30eaf09e2c59b22c9509e477a.npy
MSKGEELFTGVVPILVELDGDVNGHKFSVSGEGEGDATNGKLTLKFICTTGKLPVPWPTLVTTLSNGVQCFSRYPDHMKQHDFFKSAMPEGYVQERTIFFKDDGNYKTRAEVKFEGDTLVNRIELKGIDFKEDGNILGHKLEYNYNSHNVYIMADKQKNGIKVNFKIRHNIEDGSVQLADHYQQNTPIGDGPVLLPDNHYLSTQSALSKDPNEKRDHMVLLEFVTAAGITHGMDELYK,1.3012911334,Y39N:Y66N,2,3.04392671585083,data\cache\embeddings\matrix_79dc3b52ccfc6bc30eaf09e2c59b22c9509e477a.npy
MSKGEELFTGVVPILVELDGDVNGHKFSVSGEGEGDATYGKLTLKFIRTTGKLPVPWPTLVTTLSYGVQRFSRYPDHMKQHDFFKSAMPEGYVQERTIFFKDDGNYKTRAEVKFEGDTLVNRIELKGIDFKEDGNILGHKLEYNYNSHNVYIMADKQKNGIKVNFKIRHNIEDGSVQLADHYQQNTPIGDGPVLLPDNHYLSTQSALSKDPNEKRDHMVLLEFVTAAGITHGMDELYK,1.29928330008,C48R:C70R,2,2.681347370147705,data\cache\embeddings\matrix_79dc3b52ccfc6bc30eaf09e2c59b22c9509e477a.npy
MSKGEELFTGVVPILVELDGDVNGHKFSVSGEGEGDATYGKLTLKFICTTGKLPVPWPTLVTTLSYGVQRFSRYPDHMKQHDFFKSAMPEGYVQERTIFFKDDGNYKTRAEVKFEGDTLVNRIELKGIDFKEDGNILGHKLEYNYNSHNVYIMADKQKNGIKVNFKIRHNIEDGSVQLAVHYQQNTPIGDGPVLLPDNHYLSTQSALSKDPNEKRDHMVLLEFVTAAGITHGMDELYK,1.3075937834,C70R:D180V,2,1.966454267501831,data\cache\embeddings\matrix_79dc3b52ccfc6bc30eaf09e2c59b22c9509e477a.npy
MSKGEELFTGVVPILVELDGDVNGHKFSVSGEGEGDATYGKLTLKFICTTGKLPVPWPTLVTALSYGVQCFSRYPDHMKQLDFFKSAMPEGYVQERTIFFKDDGNYKTRAEVKFEGDTLVNRIELKGIDFKEDGNILGHKLEYNYNSHNVYIMADKQKNGIKVNFKIRHNIEDGSVQLADHYQQNTPIGDGPVLLPDNHYLSTQSALSKDPNEKRDHMVLLEFVTAAGITHGMDELYK,3.13523222071,T63A:H81L,2,2.086433172225952,data\cache\embeddings\matrix_79dc3b52ccfc6bc30eaf09e2c59b22c9509e477a.npy
MSKGEELFTGVVPILVELDGDVNGHKFSVSGEGEGDATYGKLTLKFICTTGKLPVPWPTLVTTLSYGVQCFSRYPDHMKQHDFFKSAMPEGYVQERTIFFKDDGNYKTRAEVKFEGDTLVNRIELKGIDFKEDGNILGHKLEYNYNSHNVYIMADKQKNGIKVNFKIRHNIEDGSVQLAGHYQQNTPIGDGPVLLPDNHYLSTQSALSKDPNEKRDHMVLLESVTAAGITHGMDELYK,3.472116181530002,D180G:F223S,2,1.6958889961242676,data\cache\embeddings\matrix_79dc3b52ccfc6bc30eaf09e2c59b22c9509e477a.npy
MSKGEELFTGVVPILVELDGDVNGHKFSVSGEGEGDATYGKLTLKFICTTGKLPVPWPTLVTTLSYGVQCFSLYPDHMKQHDFFKSAMPEGYVQERTIFFKDDGNYKTRAEVKFEGDTLVNRIELKGIDFKEDGNILGHKLEYNYNSHNVYIMADKQKNGIKVNFKIRLNIEDGSVQLADHYQQNTPIGDGPVLLPDNHYLSTQSALSKDPNEKRDHMVLLEFVTAAGITHGMDELYK,3.56330936636,R73L:H169L,2,2.348750114440918,data\cache\embeddings\matrix_79dc3b52ccfc6bc30eaf09e2c59b22c9509e477a.npy
MSKGEELFTGVVPILVELDGDVNGHKFSVSGEGEGDATYGKLTLKFICTTGKLPVPWPTLVTTLSYGVQCFSRYPDHMKQHDFFKSAMPEGYVQERTIFFKDDGNYKTRAEVKFEGDTLVNRIELKGIDFKEDGNILGHKLEYNYNSHNVYIMADKQKNGIKVNFKIRHNIEDGSVLLADHYQQNTPIGDGPVLLPDNHYLSTQSALSKDPNEKRDHMVLLEFVTAAGITHGMGELYK,3.6082834746300008,Q177L:D234G,2,1.634327411651611,data\cache\embeddings\matrix_79dc3b52ccfc6bc30eaf09e2c59b22c9509e477a.npy
MSKGEELFTGVVPILVELDGDVNGHKFSVSGEGEGDATYGKLTLKFICTTGKLPVPWPTLVTTLSYGVQCFSRYPDHMKLHDFFKSAMPEGYVQERTIFFKDDGNYKTRAEVKFEGDTLVNRIELKGIDFKEDGNILGHKLEYNYNGHNVYIMADKQKNGIKVNFKIRHNIEDGSVQLADHYQQNTPIGDGPVLLPDNHYLSTQSALSKDPNEKRDHMVLLEFVTAAGITHGMDELYK,3.59653506211,Q80L:S147G,2,3.146127939224243,data\cache\embeddings\matrix_79dc3b52ccfc6bc30eaf09e2c59b22c9509e477a.npy
MSKGKELFTGVVPILVELDGDVNGHKFSVSGEGEGDATYGKLTLKFICTTGKLPVPWPTLVTTLSYGVQCFSRYPDHMKQHDFFKSAMPEGYVQERTIFFKDDGNYKTRAEVKFEGDTLVNRIELKGIDFKEDGNILGHKLEYNYNSHNVYIMADKQKNGIKVNFKIRHNIEDGSVQLADHYQQNTPIGDGPVLLPDNHYLSTQSALSKDPNEKRDHMVLLGFVTAAGITHGMDELYK,3.04863237555,E5K:E222G,2,1.698804497718811,data\cache\embeddings\matrix_79dc3b52ccfc6bc30eaf09e2c59b22c9509e477a.npy
MSKGEELFTGVVPILVELDGDVNGHKFSVSGEGEGDATYGKLTLKFICTTGKLPVPWPTLVTTLSYGVQCFSRYPDHMKQHDFFKSAMPEGYVQERTIFFKDDGNYKTRAEVKFEGDTLVNRIELKGIDFKEDGNILGHKLEYNYNSHNVYITADKQKNGIKVNFKIPHNIEDGSVQLADHYQQNTPIGDGPVLLPDNHYLSTQSALSKDPNEKRDHMVLLEFVTAAGITHGMDELYK,3.72697350176,M153T:R168P,2,1.5951817035675049,data\cache\embeddings\matrix_79dc3b52ccfc6bc30eaf09e2c59b22c9509e477a.npy
MSKGEELFTGVVPILVELDGDVNGHKFSVSGEGEGDATYGKLTLKFISTTGKLPVPWPTLVTTLSYGVQCFSRYPDHMKQHDFFKSAMPEGYVQERTIFFKDDGNYKTRAEVKFEGDTLVNRIELKGIDFKEDGNILGHKLEYNYNSHNVYIMADKQKNGIKVNSKIRHNIEDGSVQLADHYQQNTPIGDGPVLLPDNHYLSTQSALSKDPNEKRDHMVLLEFVTAAGITHGMDELYK,3.1258847579,C48S:F165S,2,2.046097993850708,data\cache\embeddings\matrix_79dc3b52ccfc6bc30eaf09e2c59b22c9509e477a.npy
MSKGEELFTGVVPILVELDGDVNGHKFSVSGEGEGDATYGKLTLKFICTTGKLPVPWPTLVTTLSYGVQCFSRYPDHMKQHDFFKSAMPEGYVQERTIFFKDDGNYKTRAEVKFEGDTLVNRIELKGIDFKEDGNILGHKLEYNYNSHNVYIMADKQKNGIKVNFKIRHNIEDGSVQLADHYQQNTPIGDGPVLLPDNRYLSTQSALSKDPNEKRDHMVLLEFVTADGITHGMDELYK,1.86716032474,H199R:A227D,2,1.7295557260513306,data\cache\embeddings\matrix_79dc3b52ccfc6bc30eaf09e2c59b22c9509e477a.npy
MSKGEELFTGVVPILVELDGDVNGHKFSVSGEGEGDATYGKLTLKFICTTGKLPVPWPTLVTTLSYGVQCFSRYPDHMKQHDFFKSAMPEGYVQERTIFFKDDGNYKTRAEVKFEGDTLVNRIELKGIDFKEDGNILGHKLEYNYNSHNVYIMADKQKNGIKVNFKIRHNIEDGSVRLADHYQQNTPIGDGPVLLPDNHYLSTLSALSKDPNEKRDHMVLLEFVTAAGITHGMDELYK,3.37102482286,Q177R:Q204L,2,1.6343741416931152,data\cache\embeddings\matrix_79dc3b52ccfc6bc30eaf09e2c59b22c9509e477a.npy
MSKGEELFTGVVPILVELDGDVNGHKFSVSGEGEGDATYGKLTLKFIFTTGKLPVPWPTLVTTLSYGVQYFSRYPDHMKQHDFFKSAMPEGYVQERTIFFKDDGNYKTRAEVKFEGDTLVNRIELKGIDFKEDGNILGHKLEYNYNSHNVYIMADKQKNGIKVNFKIRHNIEDGSVQLADHYQQNTPIGDGPVLLPDNHYLSTQSALSKDPNEKRDHMVLLEFVTAAGITHGMDELYK,1.30102974551,C48F:C70Y,2,2.59048843383789,data\cache\embeddings\matrix_79dc3b52ccfc6bc30eaf09e2c59b22c9509e477a.npy
MSKGEELFTGVVPILVELDGDVNGHKFSVSGEGEGDATYGKLTLKFICTTGKLPVPWPTLVTTLSYGVQCFSRYPDHMKQHDFFKSAMPEGYVQERTIFFKDDGNYKTRAEVKFEGDTLVNRIELKGIDFKEDGNILGHKLEYNYNSLNVYILADKQKNGIKVNFKIRHNIEDGSVQLADHYQQNTPIGDGPVLLPDNHYLSTQSALSKDPNEKRDHMVLLEFVTAAGITHGMDELYK,3.25845261216,H148L:M153L,2,1.8869516849517824,data\cache\embeddings\matrix_79dc3b52ccfc6bc30eaf09e2c59b22c9509e477a.npy
MSKGEELFTGVVPILVELDGDVNGHKFSVSGEGEGDATYGKLTLKFICTTGKLPVPWPTLVTTLSNGVQCFSRYPDHMKQHDFFKSAMPEGYVQERTIFFKDDGNYKTRAEVKFEGDTLVNRIELKGIDFKEDGNILGHKLEYNYNSHNVYIMADKQKNGIKVNFKIRHNIEDGSVQLAGHYQQNTPIGDGPVLLPDNHYLSTQSALSKDPNEKRDHMVLLEFVTAAGITHGMDELYK,1.30837568251,Y66N:D180G,2,2.4235329627990723,data\cache\embeddings\matrix_79dc3b52ccfc6bc30eaf09e2c59b22c9509e477a.npy
MSKGEELFTGVVPILVELDGDVNGHKFSVSGEGEGDATYGKLTLKSICTTGKLPVPWPTLVTTLSYGVQCFSRYPDHMKQHDFFKSAMPEGYVQERTIFFKDDGNYKTRAEVKFEGDTLVNRIELKGIDFKEDGNILGHKLEYNYNSHNVYIVADKQKNGIKVNFKIRHNIEDGSVQLADHYQQNTPIGDGPVLLPDNHYLSTQSALSKDPNEKRDHMVLLEFVTAAGITHGMDELYK,3.25923085934,F46S:M153V,2,1.8422954082489011,data\cache\embeddings\matrix_79dc3b52ccfc6bc30eaf09e2c59b22c9509e477a.npy
MSKGEELFTGVVPTLVELDGDVNGHKFSVSGEGEGDATYGKLTLKFICTTGKLPVPWPTLVTTLSDGVQCFSRYPDHMKQHDFFKSAMPEGYVQERTIFFKDDGNYKTRAEVKFEGDTLVNRIELKGIDFKEDGNILGHKLEYNYNSHNVYIMADKQKNGIKVNFKIRHNIEDGSVQLADHYQQNTPIGDGPVLLPDNHYLSTQSALSKDPNEKRDHMVLLEFVTAAGITHGMDELYK,1.30103497127,I14T:Y66D,2,2.272826194763184,data\cache\embeddings\matrix_79dc3b52ccfc6bc30eaf09e2c59b22c9509e477a.npy
MSKGEELFTGVVPILVELDGDVNGHKFSVSGEGEGDATYGKLTLKFICTTGKLPVPWPTLVTTLSYGVQCFSRYPDHMKQHDFFKSAMPEGYVQERTIFFKDDGNYKTRAEVKFEGDTLVNRIELKGIDFKEDGNILGHKLEYNYNSHNVYIKADKQKNGIKVNFKIRHNIEDGSVQLADHYQQNTPIGDGPVLLPDNHYLSTQSALSKDPNEKRDHMALLEFVTAAGITHGMDELYK,3.30545533335,M153K:V219A,2,1.9191932678222656,data\cache\embeddings\matrix_79dc3b52ccfc6bc30eaf09e2c59b22c9509e477a.npy
MSKGEVLFTGVVPILVELDGDVNGHKFSVSGEGEGDATNGKLTLKFICTTGKLPVPWPTLVTTLSYGVQCFSRYPDHMKQHDFFKSAMPEGYVQERTIFFKDDGNYKTRAEVKFEGDTLVNRIELKGIDFKEDGNILGHKLEYNYNSHNVYIMADKQKNGIKVNFKIRHNIEDGSVQLADHYQQNTPIGDGPVLLPDNHYLSTQSALSKDPNEKRDHMVLLEFVTAAGITHGMDELYK,3.9178467176,E6V:Y39N,2,1.777194261550903,data\cache\embeddings\matrix_79dc3b52ccfc6bc30eaf09e2c59b22c9509e477a.npy
MSKGEELFTGVVPILVELDGDVNGHKFSVSGEGEGDATYGKLTLKFICTTGKLPVPWPTLVTTLSYGVLCFSRYPDHLKQHDFFKSAMPEGYVQERTIFFKDDGNYKTRAEVKFEGDTLVNRIELKGIDFKEDGNILGHKLEYNYNSHNVYIMADKQKNGIKVNFKIRHNIEDGSVQLADHYQQNTPIGDGPVLLPDNHYLSTQSALSKDPNEKRDHMVLLEFVTAAGITHGMDELYK,3.04532092774,Q69L:M78L,2,1.9262535572052,data\cache\embeddings\matrix_79dc3b52ccfc6bc30eaf09e2c59b22c9509e477a.npy
MSKGEELFTGVVPILVELDGDVTGHKFSVSGEGEGDATYGKLTLKFIRTTGKLPVPWPTLVTTLSYGVQCFSRYPDHMKQHDFFKSAMPEGYVQERTIFFKDDGNYKTRAEVKFEGDTLVNRIELKGIDFKEDGNILGHKLEYNYNSHNVYIMADKQKNGIKVNFKIRHNIEDGSVQLADHYQQNTPIGDGPVLLPDNHYLSTQSALSKDPNEKRDHMVLLEFVTAAGITHGMDELYK,1.30118675251,N23T:C48R,2,1.6998648643493652,data\cache\embeddings\matrix_79dc3b52ccfc6bc30eaf09e2c59b22c9509e477a.npy
MSKGEELFTGVVPILVELDGDVNGHKFSVSGEGEGDATYGKLTLKFICTTGKLPVPWPTLVTTLSYGVQCFSRYPDHMKQHDFFKSAMPEGYVQERTISFKDDGNYKTRAEVKFEGDTLVNRIELKGIDFKEDGNILGHKLEYNYNSHNVYIMADKQKNGIKVNFKIRHNIEDGSVQLADHYQQNTPIGDGPVLLPDNLYLSTQSALSKDPNEKRDHMVLLEFVTAAGITHGMDELYK,3.27149657189,F99S:H199L,2,2.355776786804199,data\cache\embeddings\matrix_79dc3b52ccfc6bc30eaf09e2c59b22c9509e477a.npy
MSKGEELFTGVVPILVELDGDVNGHKFSVSGEGEGDATYGKLTLKFICTTGKLPVPWPTLVTTLSYGVQCFSRYPDHMKQHDFFKSAMPEGYVQERTIFFKDDGNYKTRAEVKFEGDTLVNRIELKGIDFKEDGNILGHKLEYNYNSHNVYIMADKQKNGIKVNFKIRHNIEDGSVQLADHYQQNTPIGDGPVLLPDNHYLSTQSALSKDPNEKRDHLVLLEFVTAAGITHGMDVLYK,3.67758986977,M218L:E235V,2,1.6249613761901855,data\cache\embeddings\matrix_79dc3b52ccfc6bc30eaf09e2c59b22c9509e477a.npy
MSKGEELFTGVVPILVELDGDVNGHKFSVSGEGEGDATYGKLTLKFICTTGKLPVPWPTLVTTLSYGVQCFSRYPDLMKLHDFFKSAMPEGYVQERTIFFKDDGNYKTRAEVKFEGDTLVNRIELKGIDFKEDGNILGHKLEYNYNSHNVYIMADKQKNGIKVNFKIRHNIEDGSVQLADHYQQNTPIGDGPVLLPDNHYLSTQSALSKDPNEKRDHMVLLEFVTAAGITHGMDELYK,3.63006061547,H77L:Q80L,2,3.703267574310303,data\cache\embeddings\matrix_79dc3b52ccfc6bc30eaf09e2c59b22c9509e477a.npy
MSKGEELFTGVVPILVELDGDVNGHKFSVSGEGEGDATYGKLTLKFICTTGKLPVPWPTLVTTLSYGEQCFSRYPDLMKQHDFFKSAMPEGYVQERTIFFKDDGNYKTRAEVKFEGDTLVNRIELKGIDFKEDGNILGHKLEYNYNSHNVYIMADKQKNGIKVNFKIRHNIEDGSVQLADHYQQNTPIGDGPVLLPDNHYLSTQSALSKDPNEKRDHMVLLEFVTAAGITHGMDELYK,3.60975173608,V68E:H77L,2,1.973212957382202,data\cache\embeddings\matrix_79dc3b52ccfc6bc30eaf09e2c59b22c9509e477a.npy
MSKGEELFTGVVPILVELDGDVNGHKFSVSGEGEGDATYGKLTLKFISTTGKLPVPWPTLVTTLSYGVQCFSRYPDHMKQHDFFKSAMPEGYVQERTIFFKDDGNYKTRAEVKFEGDTLVSRIELKGIDFKEDGNILGHKLEYNYNSHNVYIMADKQKNGIKVNFKIRHNIEDGSVQLADHYQQNTPIGDGPVLLPDNHYLSTQSALSKDPNEKRDHMVLLEFVTAAGITHGMDELYK,3.5130337278800003,C48S:N121S,2,2.796347379684448,data\cache\embeddings\matrix_79dc3b52ccfc6bc30eaf09e2c59b22c9509e477a.npy
MSKGEELFTGVVPILVELDGDVNGHKFSVSGEGEGDATYGKLTLKFICTTGKLPVPWPTLVTTLSYGVQCFSRYPDHMKQHDFFKSAMPEGYVQERTISFKDDGNYKTRAEVKFEGDTLVNRIELKGIDFKEDGNILGHKLEYNYNSHNVYIMADKQKNGIKVNFKIRHNIEDGSVQLAGHYQQNTPIGDGPVLLPDNHYLSTQSALSKDPNEKRDHMVLLEFVTAAGITHGMDELYK,3.53486517067,F99S:D180G,2,2.055341958999634,data\cache\embeddings\matrix_79dc3b52ccfc6bc30eaf09e2c59b22c9509e477a.npy
MSKGEELFTGVVPILVELDGDVNGHKFSVSGEGEGDATYGKLTLKFISTTGKLPVPWPTLVTTLSYGVQCFSRYPDHMKQHDFFKSAMPEGYVQERTIFFKDDGNYKTRAEVKFEGDTLVNRIELKGIDFKEDGNILGHKLEYNYNSHNVYIMADKQKNGIKVNFKIRHNIEDGSVQLADLYQQNTPIGDGPVLLPDNHYLSTQSALSKDPNEKRDHMVLLEFVTAAGITHGMDELYK,3.24953038257,C48S:H181L,2,3.809015035629273,data\cache\embeddings\matrix_79dc3b52ccfc6bc30eaf09e2c59b22c9509e477a.npy
MSKGEELFTGVVPIPVELDGDVNGHKFSVSGEGEGDATYGKLTLKFICTTGKLPVPWPTLVTTLSYGVQCFSRYPDHMKQHDFFKSAMPEGYVQERTIFFKDDGNYKTRAEVKFEGDTLVNRIELKGIDFKEDGNILGHKLEYNYNSHNVYILADKQKNGIKVNFKIRHNIEDGSVQLADHYQQNTPIGDGPVLLPDNHYLSTQSALSKDPNEKRDHMVLLEFVTAAGITHGMDELYK,1.3038926544299998,L15P:M153L,2,1.6326289176940918,data\cache\embeddings\matrix_79dc3b52ccfc6bc30eaf09e2c59b22c9509e477a.npy
MSKGEELFTGVVPILVELDGDVNGHKFSVSGEGEGDATYGKLTLKFICTTGKLPVPWPTLVTTLSYGVQCFSRYPDHMKQHDFFKSAMPEGYVQERTIFFKDDGNYKTRAEVKFEGDTLVGRIELKGIDFKEDGNILGHKLEYNYNSHNVYIMADKQKNGIKVNFKIRHNIEDGSVQLADHYQQNTPIGDGPVLLPDNHYLSTQSALSKDPNEKRDRMVLLEFVTAAGITHGMDELYK,1.45143638331,N121G:H217R,2,2.146585702896118,data\cache\embeddings\matrix_79dc3b52ccfc6bc30eaf09e2c59b22c9509e477a.npy
MSKGEELFTGVVPILVELDGDVNGHKFSVSGEGEGDATYGKLTLKFTCTTGKLPVPWPTLVTTLSYGVQCFSRYPDHMKQHDFFKSAMPEGYVQERTIFFKDDGNYKTRAEVKFEGDTLVNRIELKGIDFKEDGNILGHKLEYNYNSHNVYIMADKQKNGIKVNFKIRHNIEDGSVQLADHYQQNTPIGDGPVLLPGNHYLSTQSALSKDPNEKRDHMVLLEFVTAAGITHGMDELYK,3.73378209184,I47T:D197G,2,1.5758378505706787,data\cache\embeddings\matrix_79dc3b52ccfc6bc30eaf09e2c59b22c9509e477a.npy
MSKGEELFTGVVPILVELDGDVNGHKFSVSGEGEGDATYGKLTLKFICTTGKLPVPWPTLVTTLSYGVQCFSRYPDHMKLHDFFKSAMPEGYVQERTIFFKDDGNYKTRAEVKFEGDTLVNRIELKGIDFKEVGNILGHKLEYNYNSHNVYIMADKQKNGIKVNFKIRHNIEDGSVQLADHYQQNTPIGDGPVLLPDNHYLSTQSALSKDPNEKRDHMVLLEFVTAAGITHGMDELYK,3.61058712474,Q80L:D133V,2,1.708470106124878,data\cache\embeddings\matrix_79dc3b52ccfc6bc30eaf09e2c59b22c9509e477a.npy
MSKGEELFTGVVPILVELDGDVNGLKFSVSGEGEGDATYGKLTLKFICTTGKLPVPRPTLVTTLSYGVQCFSRYPDHMKQHDFFKSAMPEGYVQERTIFFKDDGNYKTRAEVKFEGDTLVNRIELKGIDFKEDGNILGHKLEYNYNSHNVYIMADKQKNGIKVNFKIRHNIEDGSVQLADHYQQNTPIGDGPVLLPDNHYLSTQSALSKDPNEKRDHMVLLEFVTAAGITHGMDELYK,1.56934351166,H25L:W57R,2,1.9690682888031008,data\cache\embeddings\matrix_79dc3b52ccfc6bc30eaf09e2c59b22c9509e477a.npy
MSKGEELFTGVVPILVELDGDVNGHKFSVSGEGEGDATYGKLTLKFICTTGKLPVPWPTLVTTLSYGVQCLSRYPDHMKQHDFFKSAMPEGYVQERTIFFKDDGNYKTRAEVKFEGDTLVNRIELKGIDFKEDGNILGHKLEYNYNSHNVYIMADKLKNGIKVNFKIRHNIEDGSVQLADHYQQNTPIGDGPVLLPDNHYLSTQSALSKDPNEKRDHMVLLEFVTAAGITHGMDELYK,3.5485597490300007,F71L:Q157L,2,1.6782338619232178,data\cache\embeddings\matrix_79dc3b52ccfc6bc30eaf09e2c59b22c9509e477a.npy
MSKGEELITGVVPILVELDGDVNGHKFSVSGEGEGDATYGKLTLKFICTTGKLPVPWPTLVTTLSYGVQCFSRYPDHMKQHDFFKSAMPEGYVQERTIFFKDDGNYKTRAEVKFEGDTLVNRIELKGIDFKEDGNILGHKLEYNYNSHNVYIMADKQKNGIKVNFKIRHNIEDGSVQLADHYQLNTPIGDGPVLLPDNHYLSTQSALSKDPNEKRDHMVLLEFVTAAGITHGMDELYK,3.35332291825,F8I:Q184L,2,1.841388463973999,data\cache\embeddings\matrix_79dc3b52ccfc6bc30eaf09e2c59b22c9509e477a.npy
MSKGEELFTGVVPILVELDGDVNGHKFSVSGEGEGDATYGKLTLKFIRTTGKLPVPWPTLVTTLSYGVQCFSRYPDHMKQHDFFKSAMPEGYVQERTIFFKDDGNYKTRAEVKFEGDTLVNRIELKGIDFKEDGNILGHKLEYNYNGHNVYIMADKQKNGIKVNFKIRHNIEDGSVQLADHYQQNTPIGDGPVLLPDNHYLSTQSALSKDPNEKRDHMVLLEFVTAAGITHGMDELYK,1.43488994651,C48R:S147G,2,2.703619718551636,data\cache\embeddings\matrix_79dc3b52ccfc6bc30eaf09e2c59b22c9509e477a.npy
MSKGEELFTGVVPILVELDGDVNGHKFSVSGEGEGDATYGKLTLKFICTTGKLPVPWPTLVTTLSNGVQCFSRYPDHMKQHDFFKSAMPEGYVQGRTIFFKDDGNYKTRAEVKFEGDTLVNRIELKGIDFKEDGNILGHKLEYNYNSHNVYIMADKQKNGIKVNFKIRHNIEDGSVQLADHYQQNTPIGDGPVLLPDNHYLSTQSALSKDPNEKRDHMVLLEFVTAAGITHGMDELYK,1.71250543382,Y66N:E95G,2,1.8644840717315676,data\cache\embeddings\matrix_79dc3b52ccfc6bc30eaf09e2c59b22c9509e477a.npy
MSKGEELFTGVVPILVELDGDVNGHKFSVSGEGEGDATYGKLTLKFICTTGKLPVPWPTLVTTLSYGVQRFSRYPDHMKQHDFFKSATPEGYVQERTIFFKDDGNYKTRAEVKFEGDTLVNRIELKGIDFKEDGNILGHKLEYNYNSHNVYIMADKQKNGIKVNFKIRHNIEDGSVQLADHYQQNTPIGDGPVLLPDNHYLSTQSALSKDPNEKRDHMVLLEFVTAAGITHGMDELYK,1.5120519074,C70R:M88T,2,1.8565168380737305,data\cache\embeddings\matrix_79dc3b52ccfc6bc30eaf09e2c59b22c9509e477a.npy
MSKGEELFTGVVPILVELDGDVNGHKFSVSGEGEGDATYGKLTLKFICTTGKLPVPWPTLVTTLSYGVQRFSRYPDHMKQHDFFKSAMPEGYVQERTIFFKDDGNYKTRAEVKFEGDTLVNRIELKGIDFKEDGNILGHKLEYNYNSHNVYIMADKQKNGIKVNFKIRHNIEDGSVQLADHYQQNTPIGDGPVLLPDNHYLSTQSALSKDPNEKRDHMVLLEFVTAAGIAHGMDELYK,1.88935477671,C70R:T230A,2,1.6834747791290283,data\cache\embeddings\matrix_79dc3b52ccfc6bc30eaf09e2c59b22c9509e477a.npy
MSKGEELFTGVVPILVELDGDVNGHKFSVSGEGEGDATYGKLTLKFIFTTGKLPVPWPTLVTTLSYGVQCFSRYPDHMKQHDFFKSAMPEGYVQERTIFFKDDGNYKTRAEVKFEGDTLVNRIELKGIDFKEDGNILGHKLEYNYNSHNVYIMADKQKNGIKVNFKIRLNIEDGSVQLADHYQQNTPIGDGPVLLPDNHYLSTQSALSKDPNEKRDHMVLLEFVTAAGITHGMDELYK,1.30103106455,C48F:H169L,2,2.682088613510132,data\cache\embeddings\matrix_79dc3b52ccfc6bc30eaf09e2c59b22c9509e477a.npy
MSKGEELFTGVVPILVELDGDVNGHKFSVSGEGEGDATNGKLTLKFICTTGKLPVPWPTLVTTLSYGVQCLSRYPDHMKQHDFFKSAMPEGYVQERTIFFKDDGNYKTRAEVKFEGDTLVNRIELKGIDFKEDGNILGHKLEYNYNSHNVYIMADKQKNGIKVNFKIRHNIEDGSVQLADHYQQNTPIGDGPVLLPDNHYLSTQSALSKDPNEKRDHMVLLEFVTAAGITHGMDELYK,3.79018343586,Y39N:F71L,2,1.9907257556915283,data\cache\embeddings\matrix_79dc3b52ccfc6bc30eaf09e2c59b22c9509e477a.npy
MSKGEELFTGVVPILVELDGDVNGHKFSVSGEGEGDATYGKLTLKFICTTGKLPVPWPTLVTTLSYGVQCFSRYPDHLKQHDFFKSAMPEGYVQERTIFFKDDGNYKTRAEVKFEGDTLVNRIELKGIDFKGDGNILGHKLEYNYNSHNVYIMADKQKNGIKVNFKIRHNIEDGSVQLADHYQQNTPIGDGPVLLPDNHYLSTQSALSKDPNEKRDHMVLLEFVTAAGITHGMDELYK,3.66632101752,M78L:E132G,2,1.715588092803955,data\cache\embeddings\matrix_79dc3b52ccfc6bc30eaf09e2c59b22c9509e477a.npy
MSKGEELFTGVVPILVELDGDVNGHKFSVSGEGEGDATYGKLTLKFICTTGKLPVPWPTLVTTLSYGVQCFSRYPDHTKQHDFFKSAMPEGYVQERTIFFKDDGNYKTRAEVKFEGDTLVNRIELKGIDFKEDGNILGYKLEYNYNSHNVYIMADKQKNGIKVNFKIRHNIEDGSVQLADHYQQNTPIGDGPVLLPDNHYLSTQSALSKDPNEKRDHMVLLEFVTAAGITHGMDELYK,3.12612642521,M78T:H139Y,2,1.7226202487945557,data\cache\embeddings\matrix_79dc3b52ccfc6bc30eaf09e2c59b22c9509e477a.npy
MSKGEELFTGVVPILVELDGDVNGHKFSVSGEGEGDATYGKLTLKFICTTGKLPVPWPTLVTTLSYGVQCFSRYPDHKKQHDFFKSAMPEGYVQERTIFFKDDGNYKTRAEVKFEGDTLVNRIELKGIDFKEDGNILGHKLEYNYNSHNVYIRADKQKNGIKVNFKIRHNIEDGSVQLADHYQQNTPIGDGPVLLPDNHYLSTQSALSKDPNEKRDHMVLLEFVTAAGITHGMDELYK,3.51035376151,M78K:M153R,2,2.489995002746582,data\cache\embeddings\matrix_79dc3b52ccfc6bc30eaf09e2c59b22c9509e477a.npy
MSKGEELFTGVVPILVELDGDVNGHKFSVSGEGEGDATYGKLTLKFICTTGKLPVPWPTLVTTLSYGVQCFSRYPDHMKLHDFFKSAMPEGYVQERTIFFKDDGNYKTRAEVKFEGDTLVNRIELKGIDFKEDGNILGHKLEYNYNSHNVYIMADKQKNGIKVNFKIRHNIEDGSVQLADHYQQNTPIGDGPVLLPDNHYLSTQSALSKDPNEKRDHMVLLEFGTAAGITHGMDELYK,3.18492518673,Q80L:V224G,2,2.232586622238159,data\cache\embeddings\matrix_79dc3b52ccfc6bc30eaf09e2c59b22c9509e477a.npy
MSKGEELFTGVVPILVELDGDVNGHKFSVSGEGEGDATYGKLTLKFICTTGKLPVPWPTLVTTLSYGGQCFSRYPDHMKQHDFFKSAMPEGYVQERTIFFKDDGNYKTRAEVKFEGDTLVNRIELKGIDFKEDGNILGHKLEYNYNSHNVYIKADKQKNGIKVNFKIRHNIEDGSVQLADHYQQNTPIGDGPVLLPDNHYLSTQSALSKDPNEKRDHMVLLEFVTAAGITHGMDELYK,3.74443507157,V68G:M153K,2,2.601626396179199,data\cache\embeddings\matrix_79dc3b52ccfc6bc30eaf09e2c59b22c9509e477a.npy
MSKGEELFTGVVPILVELDGDVNGHKFSVSGEGEGDATYGKLTLKFTCTTGKLPVPWPTLVTTLSYGVQCFSRYPDHMKQHDFFKSAMPEGYVQERTIFFKDDGNYKTRAEVKFEGDTLVNRIELKGIDFKEDGNILGHKLEYNYNSHNVYIMADKQKNGIKVNFKIRHNIEDGSVQLADHYQQNTPIGDGPVLLPDNHYLSTQSALSKDPNEKRDHMVLLESVTAAGITHGMDELYK,3.51220309495,I47T:F223S,2,1.9673166275024412,data\cache\embeddings\matrix_79dc3b52ccfc6bc30eaf09e2c59b22c9509e477a.npy
MSKGEELFTGVVPILVELDGDVNGHKFSVSGEGEGDATYGKLTLKFICTTGKLPVPGPTLVTTLSYGVQCFSRYPDHMKQHDFFKSAMPEGYVQERTIFFKDDGNYKTRAEVKFEGDTLVNRIELEGIDFKEDGNILGHKLEYNYNSHNVYIMADKQKNGIKVNFKIRHNIEDGSVQLADHYQQNTPIGDGPVLLPDNHYLSTQSALSKDPNEKRDHMVLLEFVTAAGITHGMDELYK,1.4848085196,W57G:K126E,2,1.672623634338379,data\cache\embeddings\matrix_79dc3b52ccfc6bc30eaf09e2c59b22c9509e477a.npy
MSKGEELFTGVVPILVELDGDVNGHKFSVSGEGEGDATYGKLTLKFICTTGKLPVPWPTLVTTLSYGVQCFSRYPDHMKLHDFFKSAMAEGYVQERTIFFKDDGNYKTRAEVKFEGDTLVNRIELKGIDFKEDGNILGHKLEYNYNSHNVYIMADKQKNGIKVNFKIRHNIEDGSVQLADHYQQNTPIGDGPVLLPDNHYLSTQSALSKDPNEKRDHMVLLEFVTAAGITHGMDELYK,3.4464707973300004,Q80L:P89A,2,1.912888765335083,data\cache\embeddings\matrix_79dc3b52ccfc6bc30eaf09e2c59b22c9509e477a.npy
MSKGEELFTGVVPILVELDGDVNGHKFSVSGEGEGDATYGKLTLKFICTTGKLPVPWPTLVTTLSYGVQCFSRYPDHMKQHDFFKSAMPEGYVQERTIFFKDDGNYKTRAEVKFEGDTLVNRIELKGIDFKEDGNILGHKLEYNYNSHNVYIMADKQKNGIKVNFKIRHNIEDGSVLLADHYQQNTPIGDGPVLLPDNHYLSTQSALSIDPNEKRDHMVLLEFVTAAGITHGMDELYK,3.67892491313,Q177L:K209I,2,1.7112619876861572,data\cache\embeddings\matrix_79dc3b52ccfc6bc30eaf09e2c59b22c9509e477a.npy
MSKGEELFTGVVPILVELDGDVNGHKFSVSGEGEGDATYGKLTLKFICTTGKLPVPWPTLVTTLSYGVQCFSRYPDHMKQHDFFKSAMPEGYVQERTIFFKDDGNYKTRAEVKFEGDTLVNSIELKGIDFKEDGNILGHKLEYNYNSHNVYIMADKQKNGIKVNFKIRHNIEDGSVQLADHYQQNTPIGDGPVLLPDNHYLSTQSALSKDPNEKRDHMVLLEFVTAAGITHGVDELYK,3.68381713635,R122S:M233V,2,1.8345866203308103,data\cache\embeddings\matrix_79dc3b52ccfc6bc30eaf09e2c59b22c9509e477a.npy
MSKGEELFTGVVPILVELDGDVNGHKFSVSGEGEGDATYGKLTLKFICTTGKLPVPWPTLVTTLSYGVQCFSRYPDHMKQHDFFKSAMPEGYVQERTIFFKDDGNYKTRAEVKFEGDTLVNRIELKGIDFKEDGNILGHKLEYNYNSHNVYIMADKQKNGIKVNFKIRHNIEDGSVQLADHYQQNTPIGDGPVLLPDNHYLSTQSALSKDLNEKRDHKVLLEFVTAAGITHGMDELYK,1.8066875435,P211L:M218K,2,1.9969966411590576,data\cache\embeddings\matrix_79dc3b52ccfc6bc30eaf09e2c59b22c9509e477a.npy
MSKGEELFTGVVPVLVELDGDVNGHKFSVSGEGEGDATYGKLTLKFICTTGKLPVPWPTLVTTLSYGVQCFSRYPDHMKQHDFFKSAMPEGYVQERTIFFKDDGNYKTRAEVKFEGDTLVNRIELKGIDFKEDGNILGHKLEYNYNSHNVYIMADKQKNGIKVNFKIRHNIEDGSVQLADHYQQNTPIGDGPVLLPDNHYLSTQSALSKDPNEKRDLMVLLEFVTAAGITHGMDELYK,1.30102998386,I14V:H217L,2,1.8782086372375488,data\cache\embeddings\matrix_79dc3b52ccfc6bc30eaf09e2c59b22c9509e477a.npy
MSKGEELFTGVVPILVELDGDVNGHKFSVSGEGEGDATYGKLTLKFICTTGKLPVPWPTLVTTLSYGVQSFSRYPDHMKQHDFFKSAMPEGYVQERTIFFKDDGNYKTRAEVKFEGDTLVNRIELKGIDFKEDGNILGHKLEYNYNSHNVYIMADKQKNGIKVNFKIRHNTEDGSVQLADHYQQNTPIGDGPVLLPDNHYLSTQSALSKDPNEKRDHMVLLEFVTAAGITHGMDELYK,3.4383255010800005,C70S:I171T,2,1.6922662258148191,data\cache\embeddings\matrix_79dc3b52ccfc6bc30eaf09e2c59b22c9509e477a.npy
MSKGEELFTGVVPILVELDGDVNGHKFSVSGEGEGDATYGKLTLKFICTTGKLPVPWPTLVTTLSYGVQCFSRYPDLMKQHDFFKSAMPEGYVQERTIFFKDDGNYKTRAEVKFEGDTLVNRIELKGIDFKEDGNILGHKLEYNYNSHNGYIMADKQKNGIKVNFKIRHNIEDGSVQLADHYQQNTPIGDGPVLLPDNHYLSTQSALSKDPNEKRDHMVLLEFVTAAGITHGMDELYK,3.18437442255,H77L:V150G,2,2.137986660003662,data\cache\embeddings\matrix_79dc3b52ccfc6bc30eaf09e2c59b22c9509e477a.npy
MSKGEELFTGVVPILVELDGDVNGHKFSVSGEGEGDATYGKLTLKFICTTGKLPVPWPTLVTTLSYGVQCFSRYPDYMKQHDFFKSAMPEGYVQERTIFFKDDGNYKTRAEVKFEGDTLVNRIELKGIDFKEDGNILGHKLEYNYNSHNVYIMADKQKNGIKVNFKIRRNIEDGSVQLADHYQQNTPIGDGPVLLPDNHYLSTQSALSKDPNEKRDHMVLLEFVTAAGITHGMDELYK,1.43617585687,H77Y:H169R,2,1.6278114318847656,data\cache\embeddings\matrix_79dc3b52ccfc6bc30eaf09e2c59b22c9509e477a.npy
MSKGEELFTGVVPILVELDGDVNGHKFSVSGEGEGDATYGKLTLKFICTTGKLPVPWPTLVTTLSYGVQCFSRYPDHMKQHDFFKSAMPEGYVQERTIFSKDDGNYKTRAEVKFEGDTLVNRIELKGIDFKEDGNILGLKLEYNYNSHNVYIMADKQKNGIKVNFKIRHNIEDGSVQLADHYQQNTPIGDGPVLLPDNHYLSTQSALSKDPNEKRDHMVLLEFVTAAGITHGMDELYK,1.39419132099,F100S:H139L,2,1.5762178897857666,data\cache\embeddings\matrix_79dc3b52ccfc6bc30eaf09e2c59b22c9509e477a.npy
MSKGEELFTGVVPTLVELDGDVNGHKFSVSGEGEGDATYGKLTLKFIRTTGKLPVPWPTLVTTLSYGVQCFSRYPDHMKQHDFFKSAMPEGYVQERTIFFKDDGNYKTRAEVKFEGDTLVNRIELKGIDFKEDGNILGHKLEYNYNSHNVYIMADKQKNGIKVNFKIRHNIEDGSVQLADHYQQNTPIGDGPVLLPDNHYLSTQSALSKDPNEKRDHMVLLEFVTAAGITHGMDELYK,1.30103038051,I14T:C48R,2,2.03488826751709,data\cache\embeddings\matrix_79dc3b52ccfc6bc30eaf09e2c59b22c9509e477a.npy
MSKGEELFTGVVPILVELDGDVNGHKFSVSGEGEGDATYGKLTLKFICTTGKLPVPWPTLVTTLSYGVQGFSRYPDHMKQHDFFKSAMPEGYVQERTIFFKDDGNYKTRAEVKFEGDTLVNRIELKGIDFKEDGNILGHKLEYNYNSHNVYIMADKQKNGIKVNFKIRHNIEDGSVQLADHYQQNTPIGDGPVLLPDNHYLSTQSTLSKDPNEKRDHMVLLEFVTAAGITHGMDELYK,3.25913600942,C70G:A206T,2,2.400843381881714,data\cache\embeddings\matrix_79dc3b52ccfc6bc30eaf09e2c59b22c9509e477a.npy
MSKGEELFTGVVPILVELDGDVNGHKFSVSGEGEGDATYGKLTLKFICTTGKLPVPWPTLVTTLSYGVQCFSRYPDHMKQHDFFKSAMPEGYVQERTIFFKDDGNYKTRAEVKFEGDTLVNRIELKGIDFKEDGNILGHKLEYNYNSHNVDIMADKQKNGIKVNFKIRHNIEDGSVQLADHYQQNTPIGDGPVLLPDNHYLSTQSALSKDPNEKRDHLVLLEFVTAAGITHGMDELYK,3.58485173442,Y151D:M218L,2,1.7564380168914795,data\cache\embeddings\matrix_79dc3b52ccfc6bc30eaf09e2c59b22c9509e477a.npy
MSKGEELFTGVVPILVELDGDVNGHKFSVSGEGEGDATYGKLTLKFICTTGKLPVPWPTLVTTLSYGVQCFSRYPDHMKQLDFFKSAMPEGYVQERTIFFKDDGNYKTRAEVKFEGDTLVNRIELKGIDFKEDGNILGHKLEYNYNGHNVYIMADKQKNGIKVNFKIRHNIEDGSVQLADHYQQNTPIGDGPVLLPDNHYLSTQSALSKDPNEKRDHMVLLEFVTAAGITHGMDELYK,3.67982732352,H81L:S147G,2,2.5789389610290527,data\cache\embeddings\matrix_79dc3b52ccfc6bc30eaf09e2c59b22c9509e477a.npy
MSKGEELFTGVVPILVELDGDVNGHKFSVSGEGEGDATYGKLTLKFICTTGKLPVPWPTLVTTLSYGVQCFSRYPDHMKQYDFFKSAMPEGYVQERTIFFKDDGNYKTRAEVKFEGDTLVNRIELKGIDFKEDGNILGHKLEYNYNSHNVYIMADKQKNGIKVNFKIRHNIEDGSVQLAGHYQQNTPIGDGPVLLPDNHYLSTQSALSKDPNEKRDHMVLLEFVTAAGITHGMDELYK,3.46521736123,H81Y:D180G,2,1.899831771850586,data\cache\embeddings\matrix_79dc3b52ccfc6bc30eaf09e2c59b22c9509e477a.npy
MSKGEELFTGVVPILVELDGDVNGHKFSVSGEGEGDATYGKLTLKFICTTGKLPVPWPTLVTTLSYGVQCFSRYPDHMKQHDFFKSAMPEGYVQGRTIFFKDDGNYKTRAEVKFEGDTLVNRIELKGIDFKEDGNILGHKLEYNYNSHNVYIMADKQKNGIKVNFKIRHNIEDGSVLLADHYQQNTPIGDGPVLLPDNHYLSTQSALSKDPNEKRDHMVLLEFVTAAGITHGMDELYK,3.58662037491,E95G:Q177L,2,1.6838572025299072,data\cache\embeddings\matrix_79dc3b52ccfc6bc30eaf09e2c59b22c9509e477a.npy
MSKGEELFTGVVPILVELDGDVNGHKFSVSGEGEGDATYGKLTLKFTCTTGKLPVPWPTLVTTLSYGVQCFSLYPDHMKQHDFFKSAMPEGYVQERTIFFKDDGNYKTRAEVKFEGDTLVNRIELKGIDFKEDGNILGHKLEYNYNSHNVYIMADKQKNGIKVNFKIRHNIEDGSVQLADHYQQNTPIGDGPVLLPDNHYLSTQSALSKDPNEKRDHMVLLEFVTAAGITHGMDELYK,3.69368827921,I47T:R73L,2,2.221121311187744,data\cache\embeddings\matrix_79dc3b52ccfc6bc30eaf09e2c59b22c9509e477a.npy
MSKGEELFTGVVPILVELDGDVNGHKFSVSGEGEGDATYGKLTLKFICTTGKLPVPWPTLVTTLSYGVQCFSRYPDHMKQHDFFKSATPEGYVQERTIFFKDDGNYKTRAEVKFEGDTLVNRIELKGIDFKEDGNILGHKLEYNYNSHNVYIMADKQKNGIKVNFKIRHNIEDGSVQLADHYQQNTPIGDGPVLLPDNHYLSTQSALSKDPNEKRDHMVLLELVTAAGITHGMDELYK,3.25935514758,M88T:F223L,2,1.5834145545959473,data\cache\embeddings\matrix_79dc3b52ccfc6bc30eaf09e2c59b22c9509e477a.npy
MSKGEELFTGVVPILVELDGDVNGHKFSVSGEGEGDATSGKLTLKFICTTGKLPVPWPTLVTTLSYGVQCFSRYPDHMKQHDFFKSAMPEGYVQERTIFFKDDGNYKTRAEVKFEGDTLVNRIELKGIDFKEDGNILGHKLEYNYNSHNVYIMADKQKNGIKVNFKIRHNIEDGSVQLADHYQQNTPIGDGPVLLPDNHYLSTQSALSKDPNEKRDHMVLLEFVTAAGVTHGMDELYK,3.74423922071,Y39S:I229V,2,1.6103572845458984,data\cache\embeddings\matrix_79dc3b52ccfc6bc30eaf09e2c59b22c9509e477a.npy
MSKGEELFTGVVPILVELDGDVNGHKFSVSGEGEGDATYGKLTLKFTCTTGKLPVPWPTLVTTLSYGVQCFSRYPDHMKQHDFFKSAMPEGYVQERTIFFKDDGNYKTRAEVKFEGDTLVSRIELKGIDFKEDGNILGHKLEYNYNSHNVYIMADKQKNGIKVNFKIRHNIEDGSVQLADHYQQNTPIGDGPVLLPDNHYLSTQSALSKDPNEKRDHMVLLEFVTAAGITHGMDELYK,3.73342494237,I47T:N121S,2,1.6539981365203855,data\cache\embeddings\matrix_79dc3b52ccfc6bc30eaf09e2c59b22c9509e477a.npy
MSKGEELFTGVVPILVELDGDVNGHKFSVSGEGEGDATYGKLTLKFICTTGKLPVPWPTLVTTLSYGVQCFSRYPDHMKQHDFFKSALPEGYVQERTIFFKDDGNYKTRAEVKFEGDTLVNRIELKGIDFKEDGNILGHKLEYNYNSHNVYIMADKQKNGIKVNFKIRHNIEDGSVQLADHYQQNTPIGDGPVLLPDNHYLSTQSALSKDPNEKRDHMVLLEFVTAAGITHGLDELYK,3.74794606247,M88L:M233L,2,3.1439929008483887,data\cache\embeddings\matrix_79dc3b52ccfc6bc30eaf09e2c59b22c9509e477a.npy
MSKGEELFTGVVPILVELDGDVNGHKFSVSGEGEGDATYGKLTLKFICTTGKLPVPWPTLVTTLSYGVQCFSRYPDHMKQHDFFKSAMPEGYVQERTIFFKDDGNYKTRAEVKFEGDTLVNRIELKGIDFKEDGNILGHKLEYNYNSHNVYIMADKQKNGIKVNFKIRHNIEDGSVLLADHYQQNTPIGDGPVLLPDNHYLSTQSALSKDPNEKRDHMVLLGFVTAAGITHGMDELYK,3.13950553828,Q177L:E222G,2,2.492285370826721,data\cache\embeddings\matrix_79dc3b52ccfc6bc30eaf09e2c59b22c9509e477a.npy
MSKGEELFTGVVPILVELDGDVNGHKFSVSGEGEGDATYGKLTLKFICTTGKLPVPWPTLVTTLSYGVQCFSRYPDHMKQHDFFKSAMPEGYVQERTIFFKDDGNYKTGAEVKFEGDTLVNRIELKGIDFKEDGNILGHKLEYNYNSHNVYIMADKQKNGIKVNFKIRHNIEDGSVQLADHYQQNTPIGDGPVLLPDNHYLSTQSALSKDPNEKRDHKVLLEFVTAAGITHGMDELYK,1.43684328187,R109G:M218K,2,1.5960373878479004,data\cache\embeddings\matrix_79dc3b52ccfc6bc30eaf09e2c59b22c9509e477a.npy
MSKGEELFTGVVPILVELDGDVNGHKFSVSGEGEGDATYGKLTLKFICTTGKLPVPWPTLVTTLSYGVQCFSRYPDHMKQHDFFKSAMPEGYVQERTIFFKDDGNYKTRAEVKFEGDTLVNRIELKGIDFKEDGNILGHKLEYNYNSHNVYIMADKQKNGIKVNFKIRHNIEDGSVQLADHYQQNTPIGDGPVLLPDNHYLSTQSALSKDPNEKRDHMVLLELVTAAGITHGMVELYK,3.67972812735,F223L:D234V,2,1.6209843158721924,data\cache\embeddings\matrix_79dc3b52ccfc6bc30eaf09e2c59b22c9509e477a.npy
MSKGEELFTGVVPILVELDGDVNGHKFSVSGEGEGDATYGKLTLKFICTTGKLPVPWPTLVTTLSYGVQCFSRYPDHMKQHDFFKSAMPEGYVQERTIFFKDDGNYKTRAEVKFEGDTLVNRIELKGIDFKEDGNILGHKLEYNYNSHNVYIMADKQKNGIKVNLKIRHNIEDGSVQLADHYQQNTPIGDGPVLLPDNHYLSTQSALSKDPNEKRDHMVLLEFVTAAGITLGMDELYK,3.67450346355,F165L:H231L,2,1.6477458477020264,data\cache\embeddings\matrix_79dc3b52ccfc6bc30eaf09e2c59b22c9509e477a.npy
MSKGEELFTGVVPILVELDGDVNGHKFSVSGEGEGDATYGKLTLKFICTTGKLPVPWPTLVTTLSYGVQCFSRYPDHMKQHDFFKSAMPEGYVQERTIFSKDDGNYKTRAEVKFEGDTLVNRIELKGIDFKEDGNILGHKLEYNYNSHNVYIMADKQKNGIKVNFKIRHNIEDGSVQLADHYQQNTPIGDGPVLLPDNHYLSTQSALSKDPNEKRDHTVLLEFVTAAGITHGMDELYK,1.6876092127899998,F100S:M218T,2,1.7163383960723877,data\cache\embeddings\matrix_79dc3b52ccfc6bc30eaf09e2c59b22c9509e477a.npy
MSKGEELFTGVVPILVELDGDVNGHKFSVSGEGEGDATYGKLTLKFICTTGKLPVPRPTLVTTLSYGVQCFSRYPDHMKQHDFFKSAMPEGYVQERTIFFKDDGNYKTRAEVKFEGDTLVNRIELKGIDFKEDGNILGHKLEYNYNSHNVYIMADKQKNGIKVNFKIRHNIEDGSVQLADHYQQNTPIGDGPVLLPDNHYLSTQSVLSKDPNEKRDHMVLLEFVTAAGITHGMDELYK,1.39267656607,W57R:A206V,2,1.8587167263031008,data\cache\embeddings\matrix_79dc3b52ccfc6bc30eaf09e2c59b22c9509e477a.npy
MSKGEELFTGVVPILVELDGDVNGRKFSVSGEGEGDATYGKLTLKFNCTTGKLPVPWPTLVTTLSYGVQCFSRYPDHMKQHDFFKSAMPEGYVQERTIFFKDDGNYKTRAEVKFEGDTLVNRIELKGIDFKEDGNILGHKLEYNYNSHNVYIMADKQKNGIKVNFKIRHNIEDGSVQLADHYQQNTPIGDGPVLLPDNHYLSTQSALSKDPNEKRDHMVLLEFVTAAGITHGMDELYK,3.50737597811,H25R:I47N,2,1.7699551582336426,data\cache\embeddings\matrix_79dc3b52ccfc6bc30eaf09e2c59b22c9509e477a.npy
MSKGEELFTGVVPILVELDGDVNGHKFSVSGEGEGDATYGKLTLKFICTTGKLPVPWPTLVTALSYGVQCFSRYPDHMKQHDFFKSAMPEGYVQERTIFFKDDGNYKTRAEVKFEGDTLVNRIELKGIDFKEDGNILGHKLEYNYNSHNVYIMADKQKNGIKVNFKIRLNIEDGSVQLADHYQQNTPIGDGPVLLPDNHYLSTQSALSKDPNEKRDHMVLLEFVTAAGITHGMDELYK,3.18546635051,T63A:H169L,2,1.8636679649353027,data\cache\embeddings\matrix_79dc3b52ccfc6bc30eaf09e2c59b22c9509e477a.npy
MSKGEELFTGVVPILVELDGDVNGHKFSVSGEGEGDATYGKLTLKFICTTGKLPVPWPTLVTTLSNGVQCFSRYPDHMKQHDFFKSAVPEGYVQERTIFFKDDGNYKTRAEVKFEGDTLVNRIELKGIDFKEDGNILGHKLEYNYNSHNVYIMADKQKNGIKVNFKIRHNIEDGSVQLADHYQQNTPIGDGPVLLPDNHYLSTQSALSKDPNEKRDHMVLLEFVTAAGITHGMDELYK,1.301056599865,Y66N:M88V,2,2.5554091930389404,data\cache\embeddings\matrix_79dc3b52ccfc6bc30eaf09e2c59b22c9509e477a.npy
MSKGEELFTGVVPILVGLDGDVNGHKFSVSGEGEGDATYGKLTLKFICTTGKLPVPWPTLVTTLSYGVQCFSRYPDHMKQHDFFKSAMPEGYVQERTIFFKDDGNYKTRAEVKFEGDTLVNRIELKGIDFKEDGNILGHKLEYNYNSHNVYIKADKQKNGIKVNFKIRHNIEDGSVQLADHYQQNTPIGDGPVLLPDNHYLSTQSALSKDPNEKRDHMVLLEFVTAAGITHGMDELYK,3.54335991642,E17G:M153K,2,1.7253696918487549,data\cache\embeddings\matrix_79dc3b52ccfc6bc30eaf09e2c59b22c9509e477a.npy
MSKGEELFTGVVPILVELDGDVNGHKFSVSGEGEGDATYGKLTLKFIRTTGKLPVPWPTLVTTLSYGVQCSSRYPDHMKQHDFFKSAMPEGYVQERTIFFKDDGNYKTRAEVKFEGDTLVNRIELKGIDFKEDGNILGHKLEYNYNSHNVYIMADKQKNGIKVNFKIRHNIEDGSVQLADHYQQNTPIGDGPVLLPDNHYLSTQSALSKDPNEKRDHMVLLEFVTAAGITHGMDELYK,1.30103179017,C48R:F71S,2,1.9929413795471191,data\cache\embeddings\matrix_79dc3b52ccfc6bc30eaf09e2c59b22c9509e477a.npy
MSKGEELFTGVEPILVELDGDVNGHKFSVSGEGEGDATYGKLTLKFICTTGKLPVPWPTLVTTLSYGVQCFSRYPDLMKQHDFFKSAMPEGYVQERTIFFKDDGNYKTRAEVKFEGDTLVNRIELKGIDFKEDGNILGHKLEYNYNSHNVYIMADKQKNGIKVNFKIRHNIEDGSVQLADHYQQNTPIGDGPVLLPDNHYLSTQSALSKDPNEKRDHMVLLEFVTAAGITHGMDELYK,2.6170003615,V12E:H77L,2,1.7963967323303225,data\cache\embeddings\matrix_79dc3b52ccfc6bc30eaf09e2c59b22c9509e477a.npy
MSKGEELFTGVVPILVELDGDVNGHKFSVSGEGEGDATYGKLTLKFICTTGKLPVPWPTLVTTLSYGVQCFSRYPDHMKQHDFFKSAMPEGYVQERTIFFKDDGNYKTRAEVKFEGDTLVNRIELKGIDFKEDGNILGHKLEYNYNSHNVYIMADKQKNGIKVNFKIRHNIEDGSVLLADHYQQNTPIGDGPVLLPDNYYLSTQSALSKDPNEKRDHMVLLEFVTAAGITHGMDELYK,3.52080911836,Q177L:H199Y,2,2.27337384223938,data\cache\embeddings\matrix_79dc3b52ccfc6bc30eaf09e2c59b22c9509e477a.npy
MSKGEELFTGVVPILVELDGDVNGHKFSVSGEGEGDATYGKLTLKFICTTGKLPVPWPTLVTTLSYGVQCFSRYPDHMKQHDFFKSAMPEGYVQERTIFFKDDGNYKTRAEVKFEGDTLVNRIELKGIDFKEDGNILGHKLEYNYNSHNVYITADKQKNGIKVNFKIRHNIEDGSVQLADHYQQNTPIGDGPVLLPDNHYLSIQSALSKDPNEKRDHMVLLEFVTAAGITHGMDELYK,3.83141747074,M153T:T203I,2,2.601212978363037,data\cache\embeddings\matrix_79dc3b52ccfc6bc30eaf09e2c59b22c9509e477a.npy
MSKGEELFTGVVPILVELDGDVNGHKFSVSGEGEGDATYGKLTLKFISTTGKLPVPWPTLVTTLSYGVQCFSRYPDHMKQHDFFKSAMPEGYVQERTIFFKDDGNYKTRAEVKFEGDTLVNRIELKGIDFKEDGNILGHKLEYNYNSHNVYIMADKQKNGIKVNFKIRHNIEDGSVQLADHYQQNTPIGDGPVLLPDNHYLSTQSALSKDPNEKRDHMVLLEFVTAAGTTHGMDELYK,3.4166124349,C48S:I229T,2,2.078326940536499,data\cache\embeddings\matrix_79dc3b52ccfc6bc30eaf09e2c59b22c9509e477a.npy
MSKGEELFTGVVPILVELDGDVNGHKFSVSGEGEGDATYGKLTLKFICTTGKLPVPWPTLVTTLSYGVQCFSRYPDHMKQHDFFKSAMPEGYVQERTIFFKDDGNYKTRAEVKFEGDTLVNRIELKGIDFKEDGNILGHKLEYNYNSHNVYIMADKQKNGIKVNFKIRLNIEDGSVQLADHYQQNTPIGDGPVLLPDNHYLSTQSALSKDPNEKRDHMVLLESVTAAGITHGMDELYK,3.60507096314,H169L:F223S,2,2.0949454307556152,data\cache\embeddings\matrix_79dc3b52ccfc6bc30eaf09e2c59b22c9509e477a.npy
MSKGEELFTGVVPILVELDGDVNGHKFSVSGEGEGDATYGKLTLKFICTTGKLPVPWPTLVTTLSYGVQCFSRYPDHMKLHDFFKSAMPEGYVQERTIFFKDDGNYKTRAEVKFEGDTLVNRIELKGIDFKEDGNILGHKLEYNYNSHNVYIMADKQKNGIKVNFKIRHNIEDGSVQLADHYQQNTPIGDGPVLLPDNHYLSTQSALSKDPNEKRDHMVLQEFVTAAGITHGMDELYK,3.72460840868,Q80L:L221Q,2,1.8171792030334477,data\cache\embeddings\matrix_79dc3b52ccfc6bc30eaf09e2c59b22c9509e477a.npy
MSKGEELFTGVVPNLVELDGDVNGHKFSVSGEGEGDATYGKLTLKFICTTGKLPVPWPTLVTTLSYGVQCFSRYPDHMKQHDFFKSAMPEGYVQERTIFFKDDGNYKTRAEVKFEGDTLVNRIELKGIDFKEDGNILGHKLEYNYNSHNVYIKADKQKNGIKVNFKIRHNIEDGSVQLADHYQQNTPIGDGPVLLPDNHYLSTQSALSKDPNEKRDHMVLLEFVTAAGITHGMDELYK,1.47434241755,I14N:M153K,2,1.777116060256958,data\cache\embeddings\matrix_79dc3b52ccfc6bc30eaf09e2c59b22c9509e477a.npy
MSKGEELFTGVVPILVELGGDVNGHKFSVSGEGEGDATYGKLTLKFICTTGKLPVPWPTLVTTLSYGVQCFSRYPDHMKLHDFFKSAMPEGYVQERTIFFKDDGNYKTRAEVKFEGDTLVNRIELKGIDFKEDGNILGHKLEYNYNSHNVYIMADKQKNGIKVNFKIRHNIEDGSVQLADHYQQNTPIGDGPVLLPDNHYLSTQSALSKDPNEKRDHMVLLEFVTAAGITHGMDELYK,3.49657871118,D19G:Q80L,2,1.6248891353607178,data\cache\embeddings\matrix_79dc3b52ccfc6bc30eaf09e2c59b22c9509e477a.npy
